as_of_date,comparison_model,comparison_state,hmm_v3_state,disagreement_type,is_opposite_bucket,severity_delta,vix,vvix,vvix_vix_ratio,vvix_vix_z_22d,vix_vix3m_ratio,vix9d_vix_ratio,term_structure_slope,realized_vol_5d,realized_vol_21d,realized_vol_trend,spy_return_1d,drawdown_21d,trend_persistence_21d,avg_pairwise_corr_21d,first_eigenvalue_share_21d,effective_rank_21d,log_det_corr_21d,warning,realized_state_1d,realized_risk_bucket_1d,vix_change_pct_1d,vvix_change_pct_1d,rv21_change_1d,vix_spike_1d,rv_expanded_1d,risk_bucket_correct_hmm_v3_1d,risk_bucket_correct_comparison_1d,exact_correct_hmm_v3_1d,exact_correct_comparison_1d,directional_vol_correct_hmm_v3_1d,directional_vol_correct_comparison_1d,v3_won_1d,v3_bucket_won_1d,realized_state_2d,realized_risk_bucket_2d,spy_return_2d,vix_change_pct_2d,vvix_change_pct_2d,rv21_change_2d,vix_spike_2d,rv_expanded_2d,risk_bucket_correct_hmm_v3_2d,risk_bucket_correct_comparison_2d,exact_correct_hmm_v3_2d,exact_correct_comparison_2d,directional_vol_correct_hmm_v3_2d,directional_vol_correct_comparison_2d,v3_won_2d,v3_bucket_won_2d,realized_state_3d,realized_risk_bucket_3d,spy_return_3d,vix_change_pct_3d,vvix_change_pct_3d,rv21_change_3d,vix_spike_3d,rv_expanded_3d,risk_bucket_correct_hmm_v3_3d,risk_bucket_correct_comparison_3d,exact_correct_hmm_v3_3d,exact_correct_comparison_3d,directional_vol_correct_hmm_v3_3d,directional_vol_correct_comparison_3d,v3_won_3d,v3_bucket_won_3d,v3_result
2026-03-02,heuristic,VOL_EXPANSION_TRANSITION,STABLE_LOW_VOL_TREND,v3_downgrade,True,-2,18.63,104.15,5.590445517981751,-0.4424398017637542,0.8952426717924075,0.893719806763285,2.1799999999999997,13.40672475146523,15.538809951511833,-2.1320852000466033,-0.003759453276407143,0.015422799919657972,0.42857142857142855,0.201333,0.368234,6.094474,-6.034033,,VOL_EXPANSION_TRANSITION,HIGHER_VOL_RISK,0.06602254428341392,0.06471435429668748,0.0031297206559948165,False,True,False,True,False,True,0.3333333333333333,1.0,false,false,VOL_EXPANSION_TRANSITION,HIGHER_VOL_RISK,-0.002695732000524642,0.15083199141170178,0.08919827172347561,-0.003163423133610621,True,False,False,True,False,True,0.3333333333333333,1.0,false,false,HIGH_VOL_RISK_OFF,HIGHER_VOL_RISK,-0.009617206055925531,0.2651637144390768,0.11397023523763794,0.1315902781203615,True,True,False,True,False,False,0.3333333333333333,1.0,false,false,loss
2026-03-02,hmm_v1_core,VOL_EXPANSION_TRANSITION,STABLE_LOW_VOL_TREND,v3_downgrade,True,-2,18.63,104.15,5.590445517981751,-0.4424398017637542,0.8952426717924075,0.893719806763285,2.1799999999999997,13.40672475146523,15.538809951511833,-2.1320852000466033,-0.003759453276407143,0.015422799919657972,0.42857142857142855,0.201333,0.368234,6.094474,-6.034033,,VOL_EXPANSION_TRANSITION,HIGHER_VOL_RISK,0.06602254428341392,0.06471435429668748,0.0031297206559948165,False,True,False,True,False,True,0.3333333333333333,1.0,false,false,VOL_EXPANSION_TRANSITION,HIGHER_VOL_RISK,-0.002695732000524642,0.15083199141170178,0.08919827172347561,-0.003163423133610621,True,False,False,True,False,True,0.3333333333333333,1.0,false,false,HIGH_VOL_RISK_OFF,HIGHER_VOL_RISK,-0.009617206055925531,0.2651637144390768,0.11397023523763794,0.1315902781203615,True,True,False,True,False,False,0.3333333333333333,1.0,false,false,loss
2026-03-02,hmm_v2_core_plus_sector_corr,VOL_EXPANSION_TRANSITION,STABLE_LOW_VOL_TREND,v3_downgrade,True,-2,18.63,104.15,5.590445517981751,-0.4424398017637542,0.8952426717924075,0.893719806763285,2.1799999999999997,13.40672475146523,15.538809951511833,-2.1320852000466033,-0.003759453276407143,0.015422799919657972,0.42857142857142855,0.201333,0.368234,6.094474,-6.034033,,VOL_EXPANSION_TRANSITION,HIGHER_VOL_RISK,0.06602254428341392,0.06471435429668748,0.0031297206559948165,False,True,False,True,False,True,0.3333333333333333,1.0,false,false,VOL_EXPANSION_TRANSITION,HIGHER_VOL_RISK,-0.002695732000524642,0.15083199141170178,0.08919827172347561,-0.003163423133610621,True,False,False,True,False,True,0.3333333333333333,1.0,false,false,HIGH_VOL_RISK_OFF,HIGHER_VOL_RISK,-0.009617206055925531,0.2651637144390768,0.11397023523763794,0.1315902781203615,True,True,False,True,False,False,0.3333333333333333,1.0,false,false,loss
2026-03-03,heuristic,VOL_EXPANSION_TRANSITION,STABLE_LOW_VOL_TREND,v3_downgrade,True,-2,19.86,110.89,5.583585095669688,-0.39695195007356987,0.9211502782931354,0.933031218529708,1.6999999999999993,12.49277290561282,15.541939672167828,-3.0491667665550075,0.0010677353771444409,0.019124271900375783,0.42857142857142855,0.20473,0.363719,6.018754,-6.12046,,MID_VOL_CHOP,LOW_RISK,0.07955689828801615,0.022995761565515416,-0.006293143789605438,False,False,True,False,False,False,0.3333333333333333,1.0,tie,true,VOL_EXPANSION_TRANSITION,HIGHER_VOL_RISK,-0.0058798578303033144,0.18680765357502516,0.04626206150238965,0.1284605574643667,True,True,False,True,False,True,0.3333333333333333,1.0,false,false,VOL_EXPANSION_TRANSITION,HIGHER_VOL_RISK,0.004738989893080081,0.06495468277945626,-0.035620885562268945,0.23283097184264,False,True,False,True,False,True,0.3333333333333333,0.6666666666666666,false,false,loss
2026-03-03,hmm_v2_core_plus_sector_corr,VOL_EXPANSION_TRANSITION,STABLE_LOW_VOL_TREND,v3_downgrade,True,-2,19.86,110.89,5.583585095669688,-0.39695195007356987,0.9211502782931354,0.933031218529708,1.6999999999999993,12.49277290561282,15.541939672167828,-3.0491667665550075,0.0010677353771444409,0.019124271900375783,0.42857142857142855,0.20473,0.363719,6.018754,-6.12046,,MID_VOL_CHOP,LOW_RISK,0.07955689828801615,0.022995761565515416,-0.006293143789605438,False,False,True,False,False,False,0.3333333333333333,1.0,tie,true,VOL_EXPANSION_TRANSITION,HIGHER_VOL_RISK,-0.0058798578303033144,0.18680765357502516,0.04626206150238965,0.1284605574643667,True,True,False,True,False,True,0.3333333333333333,1.0,false,false,VOL_EXPANSION_TRANSITION,HIGHER_VOL_RISK,0.004738989893080081,0.06495468277945626,-0.035620885562268945,0.23283097184264,False,True,False,True,False,True,0.3333333333333333,0.6666666666666666,false,false,loss
2026-04-13,heuristic,VOL_EXPANSION_TRANSITION,MID_VOL_CHOP,v3_downgrade,True,-1,19.23,107.3,5.579823192927717,2.3211183695970843,0.8796889295516926,0.8559542381695268,2.629999999999999,14.760012855218196,19.42723683504606,-4.667223979827863,0.008506574597811012,0.0,0.6190476190476191,0.255157,0.511213,4.788577,-9.321521,,STABLE_LOW_VOL_TREND,LOW_RISK,-0.00572022880915235,-0.04352283317800565,-0.036884323006400876,False,False,True,False,False,False,1.0,0.6666666666666666,true,true,VOL_EXPANSION_TRANSITION,HIGHER_VOL_RISK,0.020495114963637873,-0.045241809672387,-0.11090400745573148,0.13001519724812027,False,True,False,True,False,True,1.0,0.3333333333333333,false,false,VOL_EXPANSION_TRANSITION,HIGHER_VOL_RISK,0.02938367736722247,-0.055122204888195414,-0.08993476234855535,0.13157807220637707,False,True,False,True,False,True,1.0,0.3333333333333333,false,false,loss
2026-04-14,heuristic,VOL_EXPANSION_TRANSITION,MID_VOL_CHOP,v3_downgrade,True,-1,19.12,102.63,5.367677824267782,1.5563342200104047,0.8959700093720713,0.9053347280334727,2.219999999999999,14.240850071667857,19.39035251203966,-5.149502440371801,0.011887419148068235,0.0,0.6666666666666666,0.253053,0.508313,4.804987,-9.339083,,VOL_EXPANSION_TRANSITION,HIGHER_VOL_RISK,-0.03974895397489553,-0.07044723764980987,0.16689952025452115,False,True,False,True,False,True,1.0,0.3333333333333333,false,false,VOL_EXPANSION_TRANSITION,HIGHER_VOL_RISK,0.020701008099760942,-0.04968619246861916,-0.04852382344343753,0.16846239521277795,False,True,False,True,False,True,1.0,0.3333333333333333,false,false,VOL_EXPANSION_TRANSITION,HIGHER_VOL_RISK,0.022988170852514367,-0.061715481171548126,-0.05680600214362275,0.16843323700038937,False,True,False,True,False,True,1.0,0.3333333333333333,false,false,loss
2026-04-15,heuristic,VOL_EXPANSION_TRANSITION,MID_VOL_CHOP,v3_downgrade,True,-1,18.36,95.4,5.196078431372549,0.9838814614724788,0.8818443804034581,0.9139433551198258,2.460000000000001,6.916574037742127,19.55725203229418,-12.640677994552053,0.008710048949035265,0.0,0.7142857142857143,0.234408,0.496274,4.965376,-8.698927,,VOL_EXPANSION_TRANSITION,HIGHER_VOL_RISK,-0.010348583877995532,0.02358490566037741,0.0015628749582567991,False,True,False,True,False,True,0.6666666666666666,0.6666666666666666,false,false,VOL_EXPANSION_TRANSITION,HIGHER_VOL_RISK,0.010970342643247921,-0.02287581699346397,0.01467505241090139,0.0015337167458682188,False,True,False,True,False,True,0.6666666666666666,0.6666666666666666,false,false,STABLE_LOW_VOL_TREND,LOW_RISK,0.023250791822631678,-0.04793028322440085,-0.002830188679245338,-0.6470058705378818,False,False,True,False,False,False,1.0,0.3333333333333333,true,true,loss
2026-04-20,heuristic,VOL_EXPANSION_TRANSITION,STABLE_LOW_VOL_TREND,v3_downgrade,True,-2,17.48,95.13,5.442219679633867,1.2999141624457013,0.8522671867381765,0.8501144164759725,3.030000000000001,6.294927429461442,18.910246161756298,-12.615318732294856,-0.0017727752374252503,0.0,0.7619047619047619,0.17345,0.491072,5.017255,-8.636281,,VOL_EXPANSION_TRANSITION,HIGHER_VOL_RISK,0.07951945080091538,0.031746031746031855,0.0570141132353541,False,True,False,True,False,True,0.3333333333333333,1.0,false,false,VOL_EXPANSION_TRANSITION,HIGHER_VOL_RISK,-0.0052761167780513984,0.11556064073226535,0.0710606538421108,-0.5814368611932181,True,False,False,True,False,True,0.3333333333333333,0.6666666666666666,false,false,MID_VOL_CHOP,LOW_RISK,-0.00045022863172716754,0.08237986270022901,0.03784295175023655,-0.5855808940288227,False,False,True,False,False,False,0.3333333333333333,0.6666666666666666,tie,true,loss
2026-04-22,heuristic,VOL_EXPANSION_TRANSITION,MID_VOL_CHOP,v3_downgrade,True,-1,19.5,101.89,5.225128205128205,0.6986765234764485,0.906555090655509,1.0364102564102564,2.0100000000000016,10.616068098686785,18.32880930056308,-7.712741201876295,0.004851485148514856,0.005276116778051354,0.7142857142857143,0.162757,0.504913,4.871509,-8.673537,,STABLE_LOW_VOL_TREND,LOW_RISK,-0.029743589743589705,-0.0310138384532338,-0.004144032835604605,False,False,True,False,False,False,1.0,0.3333333333333333,true,true,VOL_EXPANSION_TRANSITION,HIGHER_VOL_RISK,0.0035926449787835324,-0.009743589743589798,-0.03258415938757486,0.05862075111344467,False,True,False,True,False,True,1.0,0.6666666666666666,false,false,STABLE_LOW_VOL_TREND,LOW_RISK,0.009915134370579892,-0.04051282051282046,-0.046226322504661854,-0.09503304765205556,False,False,True,False,False,False,1.0,0.3333333333333333,true,true,win
2026-04-23,heuristic,VOL_EXPANSION_TRANSITION,MID_VOL_CHOP,v3_downgrade,True,-1,18.92,98.73,5.218287526427061,0.6255208346877821,0.8907721280602638,0.8995771670190273,2.3199999999999967,9.762909112163985,18.324665267727475,-8.56175615556349,-0.001252762411497188,0.0004502286317271193,0.7142857142857143,0.159283,0.513305,4.758012,-8.849616,,VOL_EXPANSION_TRANSITION,HIGHER_VOL_RISK,0.020613107822409882,-0.0016205813835714622,0.06276478394904927,False,True,False,True,False,True,0.6666666666666666,1.0,false,false,STABLE_LOW_VOL_TREND,LOW_RISK,0.005039201610292476,-0.011099365750528611,-0.01569938215334743,-0.09088901481645095,False,False,True,False,False,False,1.0,0.3333333333333333,true,true,STABLE_LOW_VOL_TREND,LOW_RISK,0.008206297594414602,-0.04756871035940813,-0.04932644586245316,-0.993736203931288,False,False,True,False,False,False,1.0,0.0,true,true,win
2026-05-01,heuristic,VOL_EXPANSION_TRANSITION,STABLE_LOW_VOL_TREND,v3_downgrade,True,-2,16.89,93.7,5.547661338069863,1.3247200551343337,0.8411354581673308,0.8431024274718768,3.1899999999999977,8.421838582844314,10.081049071786666,-1.6592104889423513,0.0001805881617513716,0.0,0.8095238095238095,0.202176,0.444802,4.89047,-8.866235,,VOL_EXPANSION_TRANSITION,HIGHER_VOL_RISK,0.005920663114268754,0.01568836712913546,0.11758836110424475,False,True,False,True,False,True,0.3333333333333333,1.0,false,false,VOL_EXPANSION_TRANSITION,HIGHER_VOL_RISK,-0.0029310847791962358,0.082889283599763,0.04898612593383134,0.42024445854160497,False,True,False,True,False,True,0.0,1.0,false,false,VOL_EXPANSION_TRANSITION,HIGHER_VOL_RISK,0.009154430661091562,0.02901124925991705,0.01664887940234805,0.7435534212521002,False,True,False,True,False,True,0.0,1.0,false,false,loss
2026-05-04,heuristic,VOL_EXPANSION_TRANSITION,STABLE_LOW_VOL_TREND,v3_downgrade,True,-2,16.99,95.17,5.601530311948205,1.4087666642154357,0.8340697103583701,0.8328428487345498,3.3800000000000026,7.976830829539641,10.19863743289091,-2.2218066033512693,-0.0031111111111111756,0.0,0.8095238095238095,0.225342,0.4608,4.722843,-9.182559,,VOL_EXPANSION_TRANSITION,HIGHER_VOL_RISK,0.07651559741024139,0.03278344015971424,0.3026560974373602,False,True,False,True,False,True,0.0,1.0,false,false,VOL_EXPANSION_TRANSITION,HIGHER_VOL_RISK,0.008972222222222381,0.022954679223072372,0.0009456761584534235,0.6259650601478555,False,True,False,True,False,True,0.3333333333333333,1.0,false,false,STABLE_LOW_VOL_TREND,LOW_RISK,0.01805555555555549,0.023543260741612837,-0.015446043921403807,-1.6485956571452824,False,False,True,False,True,False,0.6666666666666666,0.3333333333333333,true,true,loss
2026-05-05,heuristic,VOL_EXPANSION_TRANSITION,STABLE_LOW_VOL_TREND,v3_downgrade,True,-2,18.29,98.29,5.373974849644615,0.5510358951553984,0.8688836104513064,0.8983050847457628,2.7600000000000016,8.470702946400625,10.50129353032827,-2.030590583927646,0.012121043245653107,0.003111111111111124,0.7619047619047619,0.235115,0.470613,4.634957,-9.463711,,VOL_EXPANSION_TRANSITION,HIGHER_VOL_RISK,-0.049753963914707544,-0.030827144165225362,0.32330896271049525,False,True,False,True,False,True,0.6666666666666666,0.3333333333333333,false,false,STABLE_LOW_VOL_TREND,LOW_RISK,0.021232724030316508,-0.04920721705850184,-0.046698545121579005,-1.9512517545826427,False,False,True,False,True,False,1.0,0.0,true,true,STABLE_LOW_VOL_TREND,LOW_RISK,0.01905929558626851,-0.0661563696008749,-0.04761420286906104,-1.7244031125102506,False,False,True,False,True,False,1.0,0.0,true,true,win
2026-05-07,heuristic,VOL_EXPANSION_TRANSITION,STABLE_LOW_VOL_TREND,v3_downgrade,True,-2,17.39,93.7,5.388154111558367,0.4450975833329877,0.8454059309674283,0.8269120184013801,3.1799999999999997,10.25200932653343,8.550041775745628,1.7019675507878027,-0.002128240109140478,0.0,0.7619047619047619,0.222853,0.455948,5.099735,-7.990304,,VOL_EXPANSION_TRANSITION,HIGHER_VOL_RISK,-0.01782633697527325,-0.0009605122732123661,0.22684864207239208,False,True,False,True,False,True,0.6666666666666666,0.6666666666666666,false,false,VOL_EXPANSION_TRANSITION,HIGHER_VOL_RISK,0.006575716234652251,-0.011500862564692294,0.03287086446104581,0.33187179680930434,False,True,False,True,False,True,0.3333333333333333,0.6666666666666666,false,false,VOL_EXPANSION_TRANSITION,HIGHER_VOL_RISK,0.008567530695770875,0.05692926969522705,0.04653148345784408,0.3329163957053858,False,True,False,True,False,True,0.0,1.0,false,false,loss
2026-05-08,heuristic,VOL_EXPANSION_TRANSITION,STABLE_LOW_VOL_TREND,v3_downgrade,True,-2,17.08,93.61,5.480679156908666,0.9657030433819137,0.8393120393120391,0.8436768149882905,3.270000000000003,10.909495132027425,8.77689041781802,2.132604714209405,0.008722519960625563,0.002128240109140444,0.7142857142857143,0.247999,0.450518,5.095185,-8.227681,,VOL_EXPANSION_TRANSITION,HIGHER_VOL_RISK,0.0064402810304451386,0.03386390342912082,0.10502315473691226,False,True,False,True,False,True,0.3333333333333333,1.0,false,false,VOL_EXPANSION_TRANSITION,HIGHER_VOL_RISK,0.010718582522148079,0.07611241217798592,0.04753765623330852,0.1060677536329937,False,True,False,True,False,True,0.0,1.0,false,false,VOL_EXPANSION_TRANSITION,HIGHER_VOL_RISK,0.007150278901892015,0.05327868852459017,0.05277213972866135,0.30512821168847815,False,True,False,True,False,True,0.0,1.0,false,false,loss
2026-05-11,heuristic,VOL_EXPANSION_TRANSITION,STABLE_LOW_VOL_TREND,v3_downgrade,True,-2,17.19,96.78,5.630017452006981,1.6938712224091563,0.8385365853658537,0.8225712623618382,3.3099999999999987,11.100968356610693,8.881913572554932,2.2190547840557606,0.0019788024179339114,0.0,0.7142857142857143,0.246982,0.458225,4.933219,-9.212082,,VOL_EXPANSION_TRANSITION,HIGHER_VOL_RISK,0.06922629435718419,0.013225873114279807,0.001044598896081439,False,True,False,True,False,True,0.3333333333333333,1.0,false,false,VOL_EXPANSION_TRANSITION,HIGHER_VOL_RISK,-0.0015586457401535192,0.04653868528214056,0.018288902665839935,0.20010505695156589,False,True,False,True,False,True,0.0,1.0,false,false,STABLE_LOW_VOL_TREND,LOW_RISK,0.007793228700767152,0.03955788248981973,0.016325687125439137,-0.054949025371536564,False,False,True,False,True,False,0.3333333333333333,1.0,true,true,loss
2026-05-12,heuristic,VOL_EXPANSION_TRANSITION,STABLE_LOW_VOL_TREND,v3_downgrade,True,-2,18.38,98.06,5.335146898803047,-0.04988679300608076,0.8653483992467044,0.910228509249184,2.8599999999999994,9.215830525076228,8.882958171451014,0.3328723536252145,-0.0035304620712044432,0.0,0.7142857142857143,0.250231,0.459014,4.993547,-8.909831,,VOL_EXPANSION_TRANSITION,HIGHER_VOL_RISK,-0.021218715995647508,0.00499694064858236,0.19906045805548445,False,True,False,True,False,True,0.6666666666666666,0.6666666666666666,false,false,STABLE_LOW_VOL_TREND,LOW_RISK,0.005802943404393579,-0.0277475516866158,0.0030593514174994674,-0.055993624267618,False,False,True,False,True,False,1.0,0.6666666666666666,true,true,STABLE_LOW_VOL_TREND,LOW_RISK,0.01132182664213821,-0.06093579978237196,-0.03875178462166018,-0.23618855929372806,False,False,True,False,True,False,1.0,0.0,true,true,win
2026-05-13,heuristic,VOL_EXPANSION_TRANSITION,STABLE_LOW_VOL_TREND,v3_downgrade,True,-2,17.99,98.55,5.478043357420789,0.8636223361398896,0.8550380228136881,0.9010561423012786,3.0500000000000007,9.315521511849683,9.082018629506498,0.23350288234318484,0.009366473454871294,0.0035304620712044337,0.6666666666666666,0.240226,0.446794,4.996319,-8.824527,,STABLE_LOW_VOL_TREND,LOW_RISK,-0.006670372429127158,-0.001927955352612809,-0.25505408232310245,False,False,True,False,True,False,1.0,0.6666666666666666,true,true,STABLE_LOW_VOL_TREND,LOW_RISK,0.014904909932534238,-0.040578098943857555,-0.043531202435311944,-0.4352490173492125,False,False,True,False,True,False,1.0,0.0,true,true,VOL_EXPANSION_TRANSITION,HIGHER_VOL_RISK,0.0009094981470672003,0.024458032240133543,-0.05692541856925415,1.379000509157068,False,True,False,True,False,True,0.3333333333333333,0.6666666666666666,false,false,win
2026-05-14,heuristic,VOL_EXPANSION_TRANSITION,STABLE_LOW_VOL_TREND,v3_downgrade,True,-2,17.87,98.36,5.504196978175713,0.9649463545740903,0.8437204910292729,0.8858421936205931,3.3099999999999987,9.468278523846335,8.826964547183396,0.6413139766629392,0.005487042242156015,0.0,0.6666666666666666,0.245103,0.45464,4.940327,-8.849522,,STABLE_LOW_VOL_TREND,LOW_RISK,-0.034135422495803036,-0.041683611224074824,-0.18019493502611006,False,False,True,False,True,False,1.0,0.0,true,true,VOL_EXPANSION_TRANSITION,HIGHER_VOL_RISK,-0.00837849832564519,0.03133743704532721,-0.055103700691337965,1.6340545914801705,False,True,False,True,False,True,0.3333333333333333,0.6666666666666666,false,false,VOL_EXPANSION_TRANSITION,HIGHER_VOL_RISK,-0.006293960218943795,-0.002797985450475715,-0.0729971533143553,1.015000314956012,False,True,False,True,False,True,0.6666666666666666,0.6666666666666666,false,false,loss
2026-05-15,heuristic,VOL_EXPANSION_TRANSITION,STABLE_LOW_VOL_TREND,v3_downgrade,True,-2,17.26,94.26,5.461181923522595,0.637761297164376,0.8278177458033573,0.8765932792584009,3.59,8.422634350526046,8.646769612157286,-0.22413526163123976,-0.013789874941483204,0.0,0.6666666666666666,0.242504,0.452194,4.980477,-8.463359,,VOL_EXPANSION_TRANSITION,HIGHER_VOL_RISK,0.06778679026651213,-0.01400381922342464,1.8142495265062806,False,True,False,True,False,True,0.3333333333333333,0.6666666666666666,false,false,VOL_EXPANSION_TRANSITION,HIGHER_VOL_RISK,-0.011716712365411608,0.03244495944380055,-0.032675578187990606,1.1951952499821221,False,True,False,True,False,True,0.3333333333333333,0.6666666666666666,false,false,VOL_EXPANSION_TRANSITION,HIGHER_VOL_RISK,-0.017922824851200447,0.04634994206257215,0.0037131338849989426,1.5244297782774918,False,True,False,True,False,True,0.3333333333333333,1.0,false,false,loss
2026-05-19,heuristic,VOL_EXPANSION_TRANSITION,STABLE_LOW_VOL_TREND,v3_downgrade,True,-2,17.82,91.18,5.11672278338945,-1.166959509787731,0.8518164435946463,0.9270482603815937,3.1000000000000014,14.34291101700556,9.841964862139408,4.500946154866153,-0.006279689804977728,0.011716712365411611,0.6190476190476191,0.276253,0.451582,4.949034,-8.308038,,VOL_EXPANSION_TRANSITION,HIGHER_VOL_RISK,0.013468013468013407,0.03761789866198728,0.3292345282953697,False,True,False,True,False,True,0.0,1.0,false,false,VOL_EXPANSION_TRANSITION,HIGHER_VOL_RISK,-0.0007849612256223271,-0.021324354657687894,0.05779776266725145,0.23378858338035968,False,True,False,True,False,True,0.3333333333333333,0.6666666666666666,false,false,VOL_EXPANSION_TRANSITION,HIGHER_VOL_RISK,0.007091718659069768,-0.05948372615039277,0.007677122175915541,0.3911683138282953,False,True,False,True,False,True,0.6666666666666666,0.6666666666666666,false,false,loss
2026-05-20,heuristic,VOL_EXPANSION_TRANSITION,STABLE_LOW_VOL_TREND,v3_downgrade,True,-2,18.06,94.61,5.2386489479512734,-0.44906694962981314,0.8551136363636362,0.9186046511627908,3.0600000000000023,14.883224743623716,10.171199390434777,4.712025353188938,0.005529451821586484,0.0179228248512004,0.6190476190476191,0.253148,0.420275,5.282821,-7.693509,,STABLE_LOW_VOL_TREND,LOW_RISK,-0.034330011074196976,0.01944826128316257,-0.09544594491501002,False,False,True,False,True,False,0.6666666666666666,0.6666666666666666,true,true,VOL_EXPANSION_TRANSITION,HIGHER_VOL_RISK,0.013455907388491672,-0.07198228128460671,-0.02885530070817044,0.06193378553292561,False,True,False,True,False,True,1.0,0.3333333333333333,false,false,VOL_EXPANSION_TRANSITION,HIGHER_VOL_RISK,0.0129111338100103,-0.07530454042081947,-0.03646548990592968,0.034399572989256555,False,True,False,True,False,True,1.0,0.3333333333333333,false,false,loss
2026-05-21,heuristic,VOL_EXPANSION_TRANSITION,STABLE_LOW_VOL_TREND,v3_downgrade,True,-2,17.44,96.45,5.530389908256881,1.0579159928924016,0.8400770712909441,0.87098623853211,3.3200000000000003,13.45078246485046,10.075753445519767,3.375029019330693,0.007882867630128354,0.012492476426135267,0.6666666666666666,0.245049,0.419055,5.29007,-7.703788,,VOL_EXPANSION_TRANSITION,HIGHER_VOL_RISK,-0.03899082568807333,-0.047382063245204886,0.15737973044793563,False,True,False,True,False,True,0.6666666666666666,0.3333333333333333,false,false,VOL_EXPANSION_TRANSITION,HIGHER_VOL_RISK,0.007341089786133237,-0.04243119266055062,-0.054847071021254634,0.12984551790426657,False,True,False,True,False,True,0.6666666666666666,0.3333333333333333,false,false,VOL_EXPANSION_TRANSITION,HIGHER_VOL_RISK,0.01698473540924561,-0.024655963302752326,-0.07153965785381033,0.3514079204485707,False,True,False,True,False,True,0.6666666666666666,0.3333333333333333,false,false,loss
2026-05-22,heuristic,VOL_EXPANSION_TRANSITION,STABLE_LOW_VOL_TREND,v3_downgrade,True,-2,16.76,91.88,5.482100238663484,0.729806273648148,0.8380000000000001,0.8275656324582338,3.2399999999999984,14.298420087363947,10.233133175967703,4.065286911396244,-0.0005375404835176179,0.004708085334046656,0.6666666666666666,0.263038,0.438179,5.052212,-8.229927,,MID_VOL_CHOP,LOW_RISK,-0.0035799522673032325,-0.007836308228123645,-0.027534212543669057,False,False,True,False,False,False,1.0,1.0,tie,true,VOL_EXPANSION_TRANSITION,HIGHER_VOL_RISK,0.009030680123096824,0.014916467780429654,-0.025359164127122358,0.1940281900006351,False,True,False,True,False,True,0.3333333333333333,0.6666666666666666,false,false,VOL_EXPANSION_TRANSITION,HIGHER_VOL_RISK,0.007955599156061366,-0.028042959427207803,-0.047344362211580227,0.25772673610440044,False,True,False,True,False,True,0.6666666666666666,0.3333333333333333,false,false,loss
2026-05-25,heuristic,VOL_EXPANSION_TRANSITION,STABLE_LOW_VOL_TREND,v3_downgrade,True,-2,16.7,91.16,5.458682634730539,0.5471488355055871,0.8337493759360958,0.851497005988024,3.330000000000002,8.750821426470944,10.205598963424034,-1.45477753695309,0.009573366678767847,0.005243095031097384,0.6666666666666666,0.271075,0.443611,4.97946,-8.918298,,VOL_EXPANSION_TRANSITION,HIGHER_VOL_RISK,0.018562874251497163,-0.017661254936375603,0.22156240254430415,False,True,False,True,False,True,0.3333333333333333,0.6666666666666666,false,false,VOL_EXPANSION_TRANSITION,HIGHER_VOL_RISK,0.008497707501378127,-0.024550898203592797,-0.03982009653356733,0.2852609486480695,False,True,False,True,False,True,0.6666666666666666,0.3333333333333333,false,false,VOL_EXPANSION_TRANSITION,HIGHER_VOL_RISK,0.015287806058650322,-0.057485029940119725,-0.05627468187801665,0.025346165331312065,False,True,False,True,False,True,1.0,0.3333333333333333,false,false,loss
2026-05-26,heuristic,VOL_EXPANSION_TRANSITION,STABLE_LOW_VOL_TREND,v3_downgrade,True,-2,17.01,89.55,5.264550264550264,-0.5664604773869287,0.8552036199095023,0.863609641387419,2.879999999999999,10.386823020326883,10.427161365968338,-0.04033834564145522,-0.0010654591463009622,0.0,0.6666666666666666,0.264958,0.439982,4.928049,-8.859378,,VOL_EXPANSION_TRANSITION,HIGHER_VOL_RISK,-0.04232804232804244,-0.022557230597431532,0.06369854610376535,False,True,False,True,False,True,1.0,0.3333333333333333,false,false,STABLE_LOW_VOL_TREND,LOW_RISK,0.005660251714723286,-0.07466196355085253,-0.03930764935790054,-0.19621623721299208,False,False,True,False,True,False,1.0,0.0,true,true,STABLE_LOW_VOL_TREND,LOW_RISK,0.006379436638476399,-0.09935332157554388,-0.038972640982691154,-0.1771152770818034,False,False,True,False,True,False,1.0,0.0,true,true,win
2026-05-28,heuristic,VOL_EXPANSION_TRANSITION,STABLE_LOW_VOL_TREND,v3_downgrade,True,-2,15.74,86.03,5.46569250317662,0.4759175237310035,0.8236525379382522,0.8106734434561627,3.369999999999999,7.84781871539529,10.230945128755346,-2.3831264133600563,0.0007151370679379099,0.0,0.6666666666666666,0.250126,0.412146,5.464421,-6.7784,,VOL_EXPANSION_TRANSITION,HIGHER_VOL_RISK,-0.026683608640406642,0.0003487155643380202,0.01910096013118867,False,True,False,True,False,True,1.0,0.6666666666666666,false,false,MID_VOL_CHOP,LOW_RISK,0.001960005297311662,0.01969504447268111,0.06474485644542582,-0.19780617438612857,False,False,True,False,False,False,0.3333333333333333,0.6666666666666666,tie,true,STABLE_LOW_VOL_TREND,LOW_RISK,0.0059992054032578235,0.001905972045743276,0.05230733465070325,-0.2151003467983088,False,False,True,False,True,False,0.6666666666666666,0.6666666666666666,true,true,tie
2026-05-29,heuristic,VOL_EXPANSION_TRANSITION,STABLE_LOW_VOL_TREND,v3_downgrade,True,-2,15.32,86.06,5.617493472584856,1.269633198084798,0.8210075026795284,0.823107049608355,3.34,7.556008216378913,10.250046088886535,-2.6940378725076215,0.001243978614154928,0.0,0.6666666666666666,0.169695,0.375307,6.073178,-5.785806,,MID_VOL_CHOP,LOW_RISK,0.047650130548302805,0.06437369277248428,-0.21690713451731725,False,False,True,False,False,False,0.3333333333333333,0.6666666666666666,tie,true,STABLE_LOW_VOL_TREND,LOW_RISK,0.005280292202636261,0.02937336814621405,0.05194050662328609,-0.23420130692949748,False,False,True,False,True,False,0.3333333333333333,0.6666666666666666,true,true,VOL_EXPANSION_TRANSITION,HIGHER_VOL_RISK,-0.006736011857498281,0.04830287206266304,0.04345805252149648,0.8209132854577241,False,True,False,True,False,True,0.0,1.0,false,false,tie
2026-06-01,heuristic,VOL_EXPANSION_TRANSITION,STABLE_LOW_VOL_TREND,v3_downgrade,True,-2,16.05,91.6,5.707165109034268,1.6752803664914717,0.8260422027792075,0.8542056074766355,3.379999999999999,7.113133801808067,10.033138954369218,-2.92000515256115,0.004031298739062494,0.0,0.6666666666666666,0.166133,0.385234,5.894833,-6.222648,,STABLE_LOW_VOL_TREND,LOW_RISK,-0.017445482866043638,-0.011681222707423555,-0.01729417241218023,False,False,True,False,True,False,1.0,0.3333333333333333,true,true,VOL_EXPANSION_TRANSITION,HIGHER_VOL_RISK,-0.007970075867720694,0.0006230529595014911,-0.01965065502183405,1.0378204199750414,False,True,False,True,False,True,0.6666666666666666,0.6666666666666666,false,false,VOL_EXPANSION_TRANSITION,HIGHER_VOL_RISK,-0.00266990932882194,-0.04049844236760125,-0.06386462882096067,0.5112851554563189,False,True,False,True,False,True,0.6666666666666666,0.3333333333333333,false,false,loss
2026-06-02,heuristic,VOL_EXPANSION_TRANSITION,STABLE_LOW_VOL_TREND,v3_downgrade,True,-2,15.77,90.53,5.740646797717185,1.7096587111810333,0.8091328886608518,0.8395688015218771,3.719999999999999,4.852559603582975,10.015844781957037,-5.163285178374062,-0.01195318773613474,0.0,0.6666666666666666,0.158264,0.370733,6.033634,-6.019189,,VOL_EXPANSION_TRANSITION,HIGHER_VOL_RISK,0.018389346861128697,-0.008063625317574319,1.0551145923872216,False,True,False,True,False,True,0.3333333333333333,1.0,false,false,VOL_EXPANSION_TRANSITION,HIGHER_VOL_RISK,-0.006674301962797724,-0.023462270133164154,-0.05280017673699322,0.5285793278684991,False,True,False,True,False,True,0.6666666666666666,0.3333333333333333,false,false,HIGH_VOL_RISK_OFF,HIGHER_VOL_RISK,-0.03194976501717939,0.3639822447685479,0.12714017452778092,3.8891839533559587,True,True,False,True,False,False,0.0,1.0,false,false,loss
2026-06-03,heuristic,VOL_EXPANSION_TRANSITION,STABLE_LOW_VOL_TREND,v3_downgrade,True,-2,16.06,89.8,5.591531755915318,0.854410271267289,0.8127530364372468,0.8331257783312579,3.700000000000003,11.4414285678111,11.070959374344259,0.3704691934668407,0.00534274865098916,0.011953187736134751,0.6666666666666666,0.140339,0.364407,6.033643,-5.988823,,STABLE_LOW_VOL_TREND,LOW_RISK,-0.041095890410958846,-0.045100222717149197,-0.5265352645187225,False,False,True,False,True,False,1.0,0.0,true,true,HIGH_VOL_RISK_OFF,HIGHER_VOL_RISK,-0.020238491772699985,0.33935242839352453,0.13630289532293993,2.834069360968737,True,True,False,True,False,False,0.0,1.0,false,false,VOL_EXPANSION_TRANSITION,HIGHER_VOL_RISK,-0.01576177469855433,0.17808219178082219,0.02895322939866385,2.8886247029255596,True,True,False,True,False,True,0.0,1.0,false,false,loss
2026-06-04,heuristic,VOL_EXPANSION_TRANSITION,STABLE_LOW_VOL_TREND,v3_downgrade,True,-2,15.4,85.75,5.568181818181818,0.6637075849491041,0.8008320332813312,0.8,3.83,10.973494670037857,10.544424109825536,0.4290705602123204,-0.025445292620865034,0.006674301962797744,0.6666666666666666,0.154467,0.372851,5.796782,-6.806042,,HIGH_VOL_RISK_OFF,HIGHER_VOL_RISK,0.39675324675324686,0.1899708454810496,3.3606046254874595,True,True,False,True,False,False,0.0,1.0,false,false,HIGH_VOL_RISK_OFF,HIGHER_VOL_RISK,-0.02099236641221358,0.22857142857142865,0.07755102040816331,3.415159967444282,True,True,False,True,False,False,0.0,1.0,false,false,HIGH_VOL_RISK_OFF,HIGHER_VOL_RISK,-0.024994698897370493,0.2902597402597402,0.11731778425655981,3.1676097180700644,True,True,False,True,False,False,0.0,1.0,false,false,loss
